{
  "navigationBarTitleText": "ChatGPT专业版",
  "enablePullDownRefresh": false,
  "navigationBarBackgroundColor": "#26B3A0",
  "navigationBarTextStyle": "white",
  "usingComponents": {
    "u-transition": "/node-modules/uview-ui/components/u-transition/u-transition",
    "u--textarea": "/node-modules/uview-ui/components/u--textarea/u--textarea",
    "u-button": "/node-modules/uview-ui/components/u-button/u-button",
    "u-alert": "/node-modules/uview-ui/components/u-alert/u-alert",
    "u-popup": "/node-modules/uview-ui/components/u-popup/u-popup",
    "u-icon": "/node-modules/uview-ui/components/u-icon/u-icon"
  }
}