{
  "description": "项目配置文件。",
  "packOptions": {
    "ignore": [],
    "include": []
  },
  "setting": {
    "urlCheck": false,
    "es6": false,
    "postcss": false,
    "minified": false,
    "newFeature": true,
    "bigPackageSizeSupport": true,
    "babelSetting": {
      "ignore": [],
      "disablePlugins": [],
      "outputPath": ""
    }
  },
  "compileType": "miniprogram",
  "libVersion": "2.30.0",
  "appid": "wx71847cd2b255eca8",
  "projectname": "火爆全网的ChatGPT页面模板，让AI回答你的任何问题！ 分销版本已上线！",
  "condition": {},
  "editorSetting": {
    "tabIndent": "insertSpaces",
    "tabSize": 2
  }
}